Workbook

Sheet Rohdaten
A1: ID | B1: Code | C1: Alter | D1: Geschlecht | E1: Klasse | F1: Gruppe | G1: Pre_Programmierkenntnisse | H1: Pre_Arduino_Erfahrung | I1: Pre_EscapeRoom_Erfahrung | J1: Pre_Q8_Elektronik | K1: Pre_Q9_Interaktiv | L1: Pre_Q10_Arduino_lernen | M1: Pre_Q11_Freizeit | N1: Pre_Q12_Technik_fuer_mich | O1: Pre_Q13_Zutrauen | P1: Pre_Q14_Lernen_koennte | Q1: Pre_Q15_Probleme_loesen | R1: Pre_Q16_Ueberfordert | S1: Pre_Erw_Spass | T1: Pre_Erw_Teamwork | U1: Pre_Erw_Technik | V1: Pre_Erw_Raetsel | W1: Pre_Erw_Story | X1: Pre_Erw_Arduino | Y1: Pre_Motivation | Z1: Post_Gesamt | AA1: Post_Story | AB1: Post_Raetsel | AC1: Post_Arduino | AD1: Post_Website | AE1: Post_Teamwork | AF1: Post_Geschafft | AG1: Post_Q7_Elektronik | AH1: Post_Q8_Interaktiv | AI1: Post_Q9_Arduino_lernen | AJ1: Post_Q10_Freizeit | AK1: Post_Q11_Technik_fuer_mich | AL1: Post_Q12_Zutrauen | AM1: Post_Q13_Lernen_koennte | AN1: Post_Q14_Probleme_loesen | AO1: Post_Q15_Ueberfordert | AP1: Post_Interesse_Veraenderung | AQ1: Post_Arduino_gezeigt | AR1: Post_Zukunft_Arduino | AS1: Post_Q20_Physical_Computing | AT1: Post_Q21_Motiviert | AU1: Post_Q22_Story_Technik | AV1: Post_Q23_Mehr_Hintergrund | AW1: Post_Empfehlung | AX1: Freitext_Bestes_Raetsel | AY1: Freitext_Schlechtestes | AZ1: Freitext_Verbesserung | BA1: Freitext_Bauen_wollen
A2: 1 | B2: MA15ST | C2: 14 | D2: Männlich | E2: 9 | F2: 9A | G2: 3 | H2: 2 | I2: 3 | J2: 4 | K2: 3 | L2: 3 | M2: 3 | N2: 5 | O2: 3 | P2: 4 | Q2: 5 | R2: 2 | S2: 1 | T2: 1 | U2: 1 | V2: 1 | W2: 1 | X2: 1 | Y2: 4 | Z2: 5 | AA2: 3 | AB2: 5 | AC2: 3 | AD2: 4 | AE2: 4 | AF2: 1 | AG2: 4 | AH2: 4 | AI2: 4 | AJ2: 2 | AK2: 5 | AL2: 4 | AM2: 5 | AN2: 5 | AO2: 2 | AP2: 5 | AQ2: 5 | AR2: 4 | AS2: 3 | AT2: 5 | AU2: 4 | AV2: 4 | AW2: 5 | AX2: Die Kabel-Station war richtig cool! | AY2: Morse Code war etwas schwer | AZ2: Mehr Zeit geben | BA2: Ein Spiel mit LEDs
A3: 2 | B3: AN22HE | C3: 15 | D3: Weiblich | E3: 9 | F3: 9A | G3: 1 | H3: 1 | I3: 2 | J3: 2 | K3: 3 | L3: 4 | M3: 3 | N3: 2 | O3: 2 | P3: 5 | Q3: 3 | R3: 3 | S3: 1 | T3: 1 | U3: 1 | V3: 1 | W3: 1 | X3: 1 | Y3: 4 | Z3: 4 | AA3: 4 | AB3: 3 | AC3: 3 | AD3: 4 | AE3: 5 | AF3: 1 | AG3: 3 | AH3: 3 | AI3: 5 | AJ3: 2 | AK3: 1 | AL3: 2 | AM3: 5 | AN3: 4 | AO3: 2 | AP3: 3 | AQ3: 5 | AR3: 4 | AS3: 3 | AT3: 5 | AU3: 5 | AV3: 4 | AW3: 5 | AX3: Das Simon Says Spiel mit den LEDs | AY3: Manchmal haben die Sensoren nicht reagiert | AZ3: Mehr Hinweise bei schweren Rätseln | BA3: Einen Roboter
A4: 3 | B4: LI08BE | C4: 14 | D4: Männlich | E4: 9 | F4: 9A | G4: 1 | H4: 1 | I4: 2 | J4: 2 | K4: 3 | L4: 2 | M4: 1 | N4: 3 | O4: 2 | P4: 4 | Q4: 2 | R4: 4 | S4: 1 | T4: 0 | U4: 0 | V4: 1 | W4: 1 | X4: 0 | Y4: 2 | Z4: 4 | AA4: 3 | AB4: 3 | AC4: 5 | AD4: 4 | AE4: 5 | AF4: 1 | AG4: 2 | AH4: 4 | AI4: 3 | AJ4: 2 | AK4: 3 | AL4: 2 | AM4: 5 | AN4: 2 | AO4: 4 | AP4: 3 | AQ4: 4 | AR4: 3 | AS4: 4 | AT4: 3 | AU4: 5 | AV4: 2 | AW4: 4 | AX4: Mir hat das RFID-Rätsel am besten gefallen | AY4: Die Hinweise waren manchmal unklar | AZ4: Erklärungen zur Technik nach dem Spiel | BA4: Eine Alarmanlage
A5: 4 | B5: SA30FR | C5: 15 | D5: Weiblich | E5: 9 | F5: 9A | G5: 1 | H5: 1 | I5: 2 | J5: 2 | K5: 2 | L5: 2 | M5: 3 | N5: 3 | O5: 3 | P5: 5 | Q5: 3 | R5: 2 | S5: 1 | T5: 1 | U5: 1 | V5: 1 | W5: 1 | X5: 0 | Y5: 3 | Z5: 5 | AA5: 3 | AB5: 4 | AC5: 5 | AD5: 4 | AE5: 4 | AF5: 1 | AG5: 1 | AH5: 1 | AI5: 3 | AJ5: 3 | AK5: 2 | AL5: 3 | AM5: 5 | AN5: 3 | AO5: 2 | AP5: 3 | AQ5: 4 | AR5: 4 | AS5: 4 | AT5: 3 | AU5: 4 | AV5: 2 | AW5: 4 | AX5: Die Geschichte war spannend | AY5: Mehr Zeit wäre gut gewesen | AZ5: Vielleicht ein Punktesystem | BA5: Automatische Pflanzenbewaesserung
A6: 5 | B6: EL12MU | C6: 15 | D6: Weiblich | E6: 9 | F6: 9B | G6: 1 | H6: 1 | I6: 2 | J6: 3 | K6: 3 | L6: 4 | M6: 4 | N6: 4 | O6: 2 | P6: 5 | Q6: 3 | R6: 2 | S6: 1 | T6: 1 | U6: 0 | V6: 0 | W6: 0 | X6: 1 | Y6: 3 | Z6: 4 | AA6: 4 | AB6: 4 | AC6: 3 | AD6: 4 | AE6: 5 | AF6: 2 | AG6: 4 | AH6: 2 | AI6: 4 | AJ6: 5 | AK6: 5 | AL6: 3 | AM6: 5 | AN6: 3 | AO6: 2 | AP6: 3 | AQ6: 5 | AR6: 4 | AS6: 3 | AT6: 5 | AU6: 4 | AV6: 3 | AW6: 5 | AX6: Teamwork war super | AY6: Das Lichträtsel war verwirrend | AZ6: Sound-Effekte wären cool | BA6: Ein eigenes Escape Room Rätsel
A7: 6 | B7: TO07ES | C7: 14 | D7: Männlich | E7: 9 | F7: 9B | G7: 4 | H7: 2 | I7: 3 | J7: 4 | K7: 4 | L7: 5 | M7: 4 | N7: 3 | O7: 4 | P7: 4 | Q7: 3 | R7: 3 | S7: 1 | T7: 0 | U7: 1 | V7: 0 | W7: 0 | X7: 1 | Y7: 5 | Z7: 4 | AA7: 5 | AB7: 4 | AC7: 5 | AD7: 4 | AE7: 4 | AF7: 1 | AG7: 5 | AH7: 5 | AI7: 5 | AJ7: 5 | AK7: 3 | AL7: 4 | AM7: 4 | AN7: 3 | AO7: 3 | AP7: 5 | AQ7: 4 | AR7: 5 | AS7: 4 | AT7: 5 | AU7: 4 | AV7: 4 | AW7: 5 | AX7: Der Morse Code war interessant | AY7: Nichts, alles war gut | AZ7: Ein bisschen leichtere Rätsel am Anfang | BA7: Eine Wetterstation
A8: 7 | B8: JU19ST | C8: 15 | D8: Divers | E8: 9 | F8: 9B | G8: 1 | H8: 1 | I8: 2 | J8: 2 | K8: 2 | L8: 2 | M8: 2 | N8: 4 | O8: 2 | P8: 5 | Q8: 3 | R8: 4 | S8: 1 | T8: 1 | U8: 0 | V8: 0 | W8: 0 | X8: 0 | Y8: 3 | Z8: 5 | AA8: 3 | AB8: 5 | AC8: 3 | AD8: 4 | AE8: 5 | AF8: 1 | AG8: 1 | AH8: 2 | AI8: 1 | AJ8: 2 | AK8: 3 | AL8: 2 | AM8: 5 | AN8: 4 | AO8: 4 | AP8: 3 | AQ8: 5 | AR8: 3 | AS8: 3 | AT8: 4 | AU8: 4 | AV8: 2 | AW8: 5 | AX8: Die Box mit dem Hand-Scanner | AY8: Die Kabel waren etwas fummelig | AZ8: Mehr Arduino-Erklärungen | BA8: Noch nicht sicher
A9: 8 | B9: NI25LU | C9: 14 | D9: Männlich | E9: 9 | F9: 9B | G9: 2 | H9: 1 | I9: 1 | J9: 3 | K9: 3 | L9: 2 | M9: 3 | N9: 2 | O9: 1 | P9: 3 | Q9: 3 | R9: 3 | S9: 0 | T9: 1 | U9: 0 | V9: 1 | W9: 1 | X9: 0 | Y9: 3 | Z9: 3 | AA9: 5 | AB9: 3 | AC9: 3 | AD9: 4 | AE9: 4 | AF9: 2 | AG9: 4 | AH9: 3 | AI9: 3 | AJ9: 3 | AK9: 2 | AL9: 1 | AM9: 3 | AN9: 4 | AO9: 2 | AP9: 3 | AQ9: 4 | AR9: 3 | AS9: 3 | AT9: 5 | AU9: 5 | AV9: 2 | AW9: 5 | AX9: Das Temperatur-Rätsel mit dem Föhn | AY9: Der PIR-Sensor war empfindlich | AZ9: Eine Auflösung am Ende | BA9: Irgendwas mit Sensoren
A10: 9 | B10: SO18MA | C10: 15 | D10: Weiblich | E10: 10 | F10: 10A | G10: 1 | H10: 1 | I10: 2 | J10: 2 | K10: 4 | L10: 4 | M10: 2 | N10: 4 | O10: 3 | P10: 4 | Q10: 2 | R10: 2 | S10: 1 | T10: 1 | U10: 1 | V10: 1 | W10: 1 | X10: 0 | Y10: 3 | Z10: 4 | AA10: 4 | AB10: 5 | AC10: 3 | AD10: 3 | AE10: 4 | AF10: 1 | AG10: 2 | AH10: 3 | AI10: 5 | AJ10: 3 | AK10: 5 | AL10: 3 | AM10: 4 | AN10: 2 | AO10: 2 | AP10: 4 | AQ10: 4 | AR10: 4 | AS10: 4 | AT10: 4 | AU10: 5 | AV10: 4 | AW10: 4 | AX10: Die ganze Technik war beeindruckend | AY10: Wir brauchten lange beim Morse Code | AZ10: Alles war gut so | BA10: Ein Smart-Home-System
A11: 10 | B11: LE04KA | C11: 16 | D11: Männlich | E11: 10 | F11: 10A | G11: 3 | H11: 3 | I11: 1 | J11: 5 | K11: 3 | L11: 3 | M11: 5 | N11: 4 | O11: 5 | P11: 4 | Q11: 4 | R11: 3 | S11: 0 | T11: 1 | U11: 1 | V11: 1 | W11: 0 | X11: 1 | Y11: 5 | Z11: 5 | AA11: 3 | AB11: 4 | AC11: 4 | AD11: 4 | AE11: 4 | AF11: 2 | AG11: 5 | AH11: 3 | AI11: 2 | AJ11: 4 | AK11: 5 | AL11: 5 | AM11: 5 | AN11: 4 | AO11: 3 | AP11: 5 | AQ11: 4 | AR11: 5 | AS11: 4 | AT11: 4 | AU11: 5 | AV11: 2 | AW11: 5 | AX11: Alle Rätsel waren gut miteinander verbunden | AY11: Die RFID-Karten waren schwer zu finden | AZ11: Bessere Beleuchtung | BA11: Eine Lichtsteuerung
A12: 11 | B12: MI27NU | C12: 15 | D12: Weiblich | E12: 10 | F12: 10A | G12: 2 | H12: 1 | I12: 2 | J12: 2 | K12: 3 | L12: 2 | M12: 1 | N12: 1 | O12: 1 | P12: 2 | Q12: 3 | R12: 3 | S12: 1 | T12: 0 | U12: 1 | V12: 1 | W12: 1 | X12: 0 | Y12: 2 | Z12: 3 | AA12: 5 | AB12: 5 | AC12: 3 | AD12: 4 | AE12: 4 | AF12: 1 | AG12: 1 | AH12: 2 | AI12: 2 | AJ12: 1 | AK12: 1 | AL12: 1 | AM12: 3 | AN12: 3 | AO12: 3 | AP12: 4 | AQ12: 5 | AR12: 2 | AS12: 3 | AT12: 4 | AU12: 4 | AV12: 4 | AW12: 4 | AX12: Das Lichträtsel mit der Bibel-Referenz war witzig | AY12: Mehr Erklärungen zur Technik wären gut | AZ12: Klarere Anweisungen | BA12: Weiss noch nicht
A13: 12 | B13: FE11RE | C13: 16 | D13: Männlich | E13: 10 | F13: 10A | G13: 3 | H13: 2 | I13: 1 | J13: 4 | K13: 3 | L13: 5 | M13: 3 | N13: 4 | O13: 5 | P13: 5 | Q13: 3 | R13: 3 | S13: 1 | T13: 0 | U13: 1 | V13: 0 | W13: 1 | X13: 1 | Y13: 5 | Z13: 5 | AA13: 5 | AB13: 5 | AC13: 4 | AD13: 4 | AE13: 4 | AF13: 1 | AG13: 4 | AH13: 4 | AI13: 4 | AJ13: 2 | AK13: 5 | AL13: 5 | AM13: 5 | AN13: 4 | AO13: 3 | AP13: 4 | AQ13: 4 | AR13: 5 | AS13: 5 | AT13: 4 | AU13: 4 | AV13: 3 | AW13: 4 | AX13: Die Website sah professionell aus | AY13: Das Temperatur-Rätsel dauerte lang | AZ13: Mehr Teamaufgaben | BA13: Ein Auto das Hindernissen ausweicht
... A17: 16 | B17: PA06BO | C17: 15 | D17: Männlich | E17: 10 | F17: 10B | G17: 3 | H17: 2 | I17: 3 | J17: 5 | K17: 5 | L17: 3 | M17: 5 | N17: 4 | O17: 3 | P17: 4 | Q17: 5 | R17: 2 | S17: 1 | T17: 1 | U17: 1 | V17: 1 | W17: 1 | X17: 1 | Y17: 4 | Z17: 5 | AA17: 4 | AB17: 4 | AC17: 4 | AD17: 3 | AE17: 4 | AF17: 1 | AG17: 5 | AH17: 5 | AI17: 3 | AJ17: 5 | AK17: 5 | AL17: 3 | AM17: 5 | AN17: 5 | AO17: 1 | AP17: 4 | AQ17: 5 | AR17: 5 | AS17: 4 | AT17: 4 | AU17: 5 | AV17: 4 | AW17: 5 | AX17: Das Keypad-Rätsel am Ende | AY17: Manchmal wussten wir nicht weiter | AZ17: Vielleicht noch mehr Stationen | BA17: Was mit Musik und LEDs

Sheet Deskriptive_Statistik
A1: Variable | B1: Pre_M | C1: Pre_SD | D1: Post_M | E1: Post_SD | F1: Differenz_M
A2: Interesse_Elektronik | B2: =AVERAGE(Rohdaten!J2:J17) -> 2.875 | C2: =STDEV(Rohdaten!J2:J17) -> 1.2041595 | D2: =AVERAGE(Rohdaten!AG2:AG17) -> 3.0625 | E2: =STDEV(Rohdaten!AG2:AG17) -> 1.4818344 | F2: =D2-B2 -> 0.1875
A3: Interesse_Interaktiv | B3: =AVERAGE(Rohdaten!K2:K17) -> 3 | C3: =STDEV(Rohdaten!K2:K17) -> 0.96609178 | D3: =AVERAGE(Rohdaten!AH2:AH17) -> 3.125 | E3: =STDEV(Rohdaten!AH2:AH17) -> 1.3102163 | F3: =D3-B3 -> 0.125
A4: Interesse_Arduino_lernen | B4: =AVERAGE(Rohdaten!L2:L17) -> 3.125 | C4: =STDEV(Rohdaten!L2:L17) -> 1.0246951 | D4: =AVERAGE(Rohdaten!AI2:AI17) -> 3.1875 | E4: =STDEV(Rohdaten!AI2:AI17) -> 1.2230427 | F4: =D4-B4 -> 0.0625
A5: Interesse_Freizeit | B5: =AVERAGE(Rohdaten!M2:M17) -> 2.8125 | C5: =STDEV(Rohdaten!M2:M17) -> 1.2230427 | D5: =AVERAGE(Rohdaten!AJ2:AJ17) -> 2.9375 | E5: =STDEV(Rohdaten!AJ2:AJ17) -> 1.2365948 | F5: =D5-B5 -> 0.125
A6: Technik_fuer_mich | B6: =AVERAGE(Rohdaten!N2:N17) -> 3.125 | C6: =STDEV(Rohdaten!N2:N17) -> 1.0878113 | D6: =AVERAGE(Rohdaten!AK2:AK17) -> 3.3125 | E6: =STDEV(Rohdaten!AK2:AK17) -> 1.4930394 | F6: =D6-B6 -> 0.1875
A8: Selbstwirksamkeit
A9: Zutrauen_Arduino | B9: =AVERAGE(Rohdaten!O2:O17) -> 2.6875 | C9: =STDEV(Rohdaten!O2:O17) -> 1.1954776 | D9: =AVERAGE(Rohdaten!AL2:AL17) -> 2.9375 | E9: =STDEV(Rohdaten!AL2:AL17) -> 1.1814539 | F9: =D9-B9 -> 0.25
A10: Lernen_koennte | B10: =AVERAGE(Rohdaten!P2:P17) -> 4 | C10: =STDEV(Rohdaten!P2:P17) -> 0.89442719 | D10: =AVERAGE(Rohdaten!AM2:AM17) -> 4.4375 | E10: =STDEV(Rohdaten!AM2:AM17) -> 0.81394103 | F10: =D10-B10 -> 0.4375
A11: Probleme_loesen | B11: =AVERAGE(Rohdaten!Q2:Q17) -> 3.1875 | C11: =STDEV(Rohdaten!Q2:Q17) -> 0.83416625 | D11: =AVERAGE(Rohdaten!AN2:AN17) -> 3.5 | E11: =STDEV(Rohdaten!AN2:AN17) -> 0.89442719 | F11: =D11-B11 -> 0.3125
A12: Ueberfordert_inv | B12: =AVERAGE(Rohdaten!R2:R17) -> 2.875 | C12: =STDEV(Rohdaten!R2:R17) -> 0.8850612 | D12: =AVERAGE(Rohdaten!AO2:AO17) -> 2.625 | E12: =STDEV(Rohdaten!AO2:AO17) -> 1.0246951 | F12: =D12-B12 -> -0.25

Sheet Kodierungslegende
A1: Programmierkenntnisse
A2: 1=Keine
A3: 2=Anfänger
A4: 3=Grundkenntnisse
A5: 4=Fortgeschritten
A6: 5=Experte
A8: Arduino_Erfahrung
A9: 1=Nein, noch nie
A10: 2=Gehört aber nie genutzt
A11: 3=Einmal in Workshop
A12: 4=Mehrfach
A14: EscapeRoom_Erfahrung
... A48: 1=Angekreuzt
